{"version":1.0,"type":"state->regressor","representation":"map","actions":{
		"0":"P.P->P.W { allowed(FAST), tau, act := FAST }",
		"1":"P.P->P.W { allowed(SLOW), tau, act := SLOW }",
		"2":"WAIT"
	},"statevars":[
	],"pointvars":[
		"d",
		"t"
	],"locationnames":{
		"P.location":{
			"0":"P",
			"1":"W1",
			"2":"Done",
			"3":"W"
		}
	},"regressors":{
		"(1)":
			{"type":"act->point->val","representation":"simpletree","minimize":1,"regressor":
				{
					"0":
						{"var":1,"bound":0,
							"low":
								14.84722815490394,
							"high":
								{"var":1,"bound":0.373985671686583,
									"low":
										{"var":0,"bound":0.5410555977521878,
											"low":
												13.15139735649109,
											"high":
												6.998908130451017
										},
									"high":
										{"var":0,"bound":0.5410555977521878,
											"low":
												11.11314060004019,
											"high":
												{"var":0,"bound":0.8068133726348663,
													"low":
														7.979458407047598,
													"high":
														4.159465738022783
												}
										}
								}
						},
					"1":
						{"var":1,"bound":0.4833001660948827,
							"low":
								{"var":0,"bound":0.4568806379884131,
									"low":
										{"var":0,"bound":0.144712350465686,
											"low":
												{"var":0,"bound":0.0439369435689693,
													"low":
														12.11840521672671,
													"high":
														11.81377162731747
												},
											"high":
												{"var":0,"bound":0.2743718989611657,
													"low":
														10.21173809579711,
													"high":
														{"var":0,"bound":0.3502664160887554,
															"low":
																9.324892404631134,
															"high":
																9.226850131607007
														}
												}
										},
									"high":
										{"var":0,"bound":0.6512233050457601,
											"low":
												8.561105562749672,
											"high":
												4.931979763913859
										}
								},
							"high":
								{"var":1,"bound":0.6474152966691787,
									"low":
										{"var":0,"bound":0.7772575604082711,
											"low":
												8.70739959950691,
											"high":
												3.066854037838032
										},
									"high":
										38.29510394731071
								}
						}
				}
			}
	}
}