{"version":1.0,"type":"state->regressor","representation":"map","actions":{
		"0":"P.P->P.W { true, tau, act := 0 }",
		"1":"P.P->P.W { true, tau, act := 1 }",
		"2":"WAIT"
	},"statevars":[
	],"pointvars":[
		"d * 10.000000",
		"-t * 10.000000"
	],"locationnames":{
		"P.location":{
			"0":"P",
			"1":"W1",
			"2":"Done",
			"3":"W"
		}
	},"regressors":{
		"(1)":
			{"type":"act->point->val","representation":"simpletree","minimize":1,"regressor":
				{
					"1":
						{"var":0,"bound":5.375577131286263,
							"low":
								{"var":1,"bound":-2.736413684517783,
									"low":
										12.49041295325333,
									"high":
										{"var":0,"bound":1.323797806647762,
											"low":
												{"var":1,"bound":-0.8222911826346835,
													"low":
														9.935137920806117,
													"high":
														9.784437470663606
												},
											"high":
												8.601516385580338
										}
								},
							"high":
								11.43353018413747
						},
					"0":
						{"var":1,"bound":-1.274125644471497,
							"low":
								{"var":0,"bound":4.17007362646275,
									"low":
										{"var":0,"bound":2.463206400565895,
											"low":
												{"var":0,"bound":1.459303476779563,
													"low":
														10.13801454200582,
													"high":
														9.45960034221941
												},
											"high":
												{"var":0,"bound":3.489434464899305,
													"low":
														8.172808168615155,
													"high":
														8.067428647103366
												}
										},
									"high":
										{"var":0,"bound":7.121813165606751,
											"low":
												{"var":0,"bound":5.600804004449124,
													"low":
														{"var":0,"bound":4.836734443108098,
															"low":
																6.597359281144776,
															"high":
																6.097981377137073
														},
													"high":
														{"var":0,"bound":6.295585387145525,
															"low":
																5.632955659968402,
															"high":
																4.88587235211284
														}
												},
											"high":
												{"var":1,"bound":-5.040191976553614,
													"low":
														{"var":1,"bound":-7.037965778191684,
															"low":
																3.000004495666501,
															"high":
																3.000198547382744
														},
													"high":
														3.003457392088253
												}
										}
								},
							"high":
								12.19659187008846
						}
				}
			}
	}
}