{"version":1.0,"type":"state->regressor","representation":"map","actions":{
		"0":"P.P->P.W { allowed(FAST), tau, act := FAST }",
		"1":"P.P->P.W { allowed(SLOW), tau, act := SLOW }",
		"2":"WAIT"
	},"statevars":[
	],"pointvars":[
		"d",
		"t"
	],"locationnames":{
		"P.location":{
			"0":"P",
			"1":"W1",
			"2":"Done",
			"3":"W"
		}
	},"regressors":{
		"(1)":
			{"type":"act->point->val","representation":"simpletree","minimize":1,"regressor":
				{
					"0":
						{"var":0,"bound":0.7924286447372288,
							"low":
								{"var":0,"bound":0.3444300164702119,
									"low":
										{"var":1,"bound":0.2587346126945943,
											"low":
												19.73800286051393,
											"high":
												{"var":0,"bound":0.1980004860106314,
													"low":
														14.84121446810681,
													"high":
														{"var":0,"bound":0.2782820451149456,
															"low":
																{"var":0,"bound":0.2388011982568425,
																	"low":
																		14.13120005153372,
																	"high":
																		{"var":1,"bound":0.340385899729711,
																			"low":
																				13.40904695687177,
																			"high":
																				15.88761182373007
																		}
																},
															"high":
																{"var":0,"bound":0.3091987827222633,
																	"low":
																		{"var":0,"bound":0.2937514769695476,
																			"low":
																				12.64868509531926,
																			"high":
																				13.82731431323976
																		},
																	"high":
																		{"var":1,"bound":0.3476545464256716,
																			"low":
																				12.4450894643917,
																			"high":
																				12.32509271836502
																		}
																}
														}
												}
										},
									"high":
										{"var":0,"bound":0.5860204036623381,
											"low":
												{"var":1,"bound":0.4300463721972009,
													"low":
														11.49711343251875,
													"high":
														{"var":1,"bound":0.5586872280784747,
															"low":
																21.68421947031299,
															"high":
																{"var":1,"bound":0.6270437144366851,
																	"low":
																		15.06716347640368,
																	"high":
																		15.58090336237797
																}
														}
												},
											"high":
												{"var":1,"bound":0.4300463721972009,
													"low":
														7.167663354756955,
													"high":
														{"var":0,"bound":0.6712542869164376,
															"low":
																{"var":1,"bound":0.5493352524909147,
																	"low":
																		6.728812241779315,
																	"high":
																		13.81058926819487
																},
															"high":
																5.675544289500579
														}
												}
										}
								},
							"high":
								{"var":1,"bound":0.3324628425858451,
									"low":
										4.724314634983013,
									"high":
										{"var":0,"bound":0.8914946434272796,
											"low":
												{"var":0,"bound":0.8416115416257648,
													"low":
														9.261453950701492,
													"high":
														{"var":0,"bound":0.8632376787701375,
															"low":
																3.020656208649624,
															"high":
																3.029667789469957
														}
												},
											"high":
												3.186310802530174
										}
								}
						},
					"1":
						{"var":1,"bound":0.3519064400158823,
							"low":
								{"var":0,"bound":0.4187832935083885,
									"low":
										{"var":1,"bound":0.1489035484080313,
											"low":
												{"var":1,"bound":0.04601331213325953,
													"low":
														{"var":1,"bound":0.001188700053265648,
															"low":
																{"var":0,"bound":0.003554321330538365,
																	"low":
																		15.35623201039161,
																	"high":
																		14.49101711653084
																},
															"high":
																13.81183532743666
														},
													"high":
														{"var":1,"bound":0.1101929239371849,
															"low":
																{"var":0,"bound":0.1036540640565522,
																	"low":
																		{"var":0,"bound":0.0829761560889351,
																			"low":
																				14.80278948773184,
																			"high":
																				14.35210262310203
																		},
																	"high":
																		{"var":0,"bound":0.1221906328635434,
																			"low":
																				13.62055159625505,
																			"high":
																				13.42219586232268
																		}
																},
															"high":
																{"var":0,"bound":0.1036540640565522,
																	"low":
																		{"var":0,"bound":0.08137044870053178,
																			"low":
																				15.07295312428796,
																			"high":
																				14.33133503450049
																		},
																	"high":
																		{"var":0,"bound":0.1193586115479546,
																			"low":
																				13.46527974283933,
																			"high":
																				13.2413677433256
																		}
																}
														}
												},
											"high":
												{"var":1,"bound":0.2456185279118846,
													"low":
														{"var":1,"bound":0.196533396749221,
															"low":
																{"var":0,"bound":0.1890497830331414,
																	"low":
																		{"var":0,"bound":0.1136331922814344,
																			"low":
																				14.67063446002697,
																			"high":
																				14.05605883141656
																		},
																	"high":
																		12.3502507048338
																},
															"high":
																{"var":0,"bound":0.1890497830331414,
																	"low":
																		{"var":0,"bound":0.1672026071085692,
																			"low":
																				14.10904497022754,
																			"high":
																				13.43226111694408
																		},
																	"high":
																		{"var":0,"bound":0.2191538067800148,
																			"low":
																				13.42244202877575,
																			"high":
																				12.40884486167674
																		}
																}
														},
													"high":
														{"var":1,"bound":0.2900532443845859,
															"low":
																{"var":0,"bound":0.2468935795881825,
																	"low":
																		{"var":0,"bound":0.1916032768788877,
																			"low":
																				14.82147182424858,
																			"high":
																				13.91059046973719
																		},
																	"high":
																		12.74878665715878
																},
															"high":
																18.40968578640957
														}
												}
										},
									"high":
										{"var":0,"bound":0.5589698031368056,
											"low":
												8.780732027824142,
											"high":
												6.468180845597171
										}
								},
							"high":
								{"var":1,"bound":0.5741583732997659,
									"low":
										{"var":0,"bound":0.6688436553835521,
											"low":
												{"var":0,"bound":0.4284152887667741,
													"low":
														{"var":1,"bound":0.4466518014037639,
															"low":
																{"var":0,"bound":0.3203731127502237,
																	"low":
																		15.05605838564302,
																	"high":
																		{"var":0,"bound":0.3570113295525769,
																			"low":
																				12.92354373153637,
																			"high":
																				14.69112793336742
																		}
																},
															"high":
																14.91559437213242
														},
													"high":
														{"var":1,"bound":0.4466518014037639,