{
    "choose_max_depth": {
        "time": [
            88.82506959059974,
            3.2503831352153463,
            94,
            86
        ],
        "track": [
            47539.6854839232,
            24135.469437082065,
            98016,
            5
        ],
        "regions": 30883.0
    },
    "choose_max_size": {
        "time": [
            93.05332189299807,
            5.97289044607749,
            101,
            84
        ],
        "track": [
            40195.27389047167,
            18894.0513872779,
            84297,
            5
        ],
        "regions": 31590.0
    },
    "choose_min_depth": {
        "time": [
            77.88515754599939,
            3.2541003914115483,
            80,
            73
        ],
        "track": [
            22509.4744189974,
            7722.445712881967,
            40496,
            5
        ],
        "regions": 21316.6
    },
    "choose_min_size": {
        "time": [
            78.32722129540052,
            2.784206833326422,
            83,
            74
        ],
        "track": [
            33900.08515162799,
            16701.54098450843,
            80264,
            5
        ],
        "regions": 24171.0
    },
    "greedy_then_low": {
        "time": [
            79.66557837819273,
            2.0925439193566002,
            82,
            76
        ],
        "track": [
            23534.20622674846,
            10679.970070838606,
            46082,
            5
        ],
        "regions": 18224.6
    },
    "pre_order_high_first": {
        "time": [
            83.14060829480005,
            10.522585586368475,
            92,
            66
        ],
        "track": [
            18818.77365375547,
            8400.336915952113,
            42454,
            5
        ],
        "regions": 45381.8
    },
    "pre_order_low_first": {
        "time": [
            76.11708077640506,
            4.035687108570118,
            82,
            70
        ],
        "track": [
            22393.98907619246,
            11358.8967950258,
            55250,
            5
        ],
        "regions": 18235.4
    },
    "pre_order_random": {
        "time": [
            90.21165215760121,
            4.272649525427586,
            97,
            85
        ],
        "track": [
            44672.19456425316,
            23416.268684767718,
            92052,
            5
        ],
        "regions": 26152.8
    }
}
